Consultas principales,Clics,Impresiones,CTR,Posición
mgi paneles,11,17,64.71%,1.82
panel camara frigorifica,2,19,10.53%,12.05
mgi refrigeracion,2,14,14.29%,3.57
panel sandwich para techo,1,9,11.11%,19.67
panel sandwich para techo argentina,1,8,12.5%,9.5
paneles sandwich para techos,1,7,14.29%,12.57
chapa sandwich para techo,1,7,14.29%,13.43
techos sandwich,1,6,16.67%,5
panel sandwich muro,1,5,20%,9.8
policarbonato sandwich,1,2,50%,1
panel sandwich trapezoidal,1,1,100%,1
link argentina,1,1,100%,9
construccion panel sandwich,1,1,100%,15
cubierta sandwich,1,1,100%,20
paneles de camara frigorifica,0,39,0%,11.33
paneles sandwich,0,34,0%,5.47
paneles camara frigorifica,0,34,0%,13.59
panel para camara frigorifica,0,31,0%,8.58
paneles para camaras frigorificas,0,30,0%,14.27
paneleria sandwich,0,25,0%,7.2
placas para camaras frigorificas,0,20,0%,8.45
paneles para cámaras frigoríficas precios,0,17,0%,9.88
panel de camara frigorifica,0,17,0%,11.29
paneles para techos exterior,0,14,0%,11.64
puertas de vidrio doble panel para refrigeración,0,10,0%,50.4
mgi,0,8,0%,3.38
muros industriales,0,8,0%,13.75
paneles de camaras frigorificas,0,8,0%,19
paneles para techos,0,8,0%,19.62
paneles para cubiertas,0,8,0%,30
mgi tiendas,0,7,0%,2.29
paneles para cámaras frigoríficas,0,7,0%,6.86
paneles sandwich para techo,0,7,0%,8
paneles para camara frigorifica,0,7,0%,12.86
paneles sandwich para paredes,0,7,0%,13.14
paneles para camaras de frio,0,7,0%,17.43
panel metalico aislante,0,7,0%,39.14
paneles frigorificos,0,6,0%,8.5
placas para camara de frio,0,6,0%,10
paneles frigoríficos,0,6,0%,24.33
plancha de sandwich de miga,0,6,0%,44.5
paneles para camaras,0,5,0%,9.4
paneles para cerramientos exteriores,0,5,0%,9.6
paneles para camara de frio,0,5,0%,11.4
paneles frigorífico,0,5,0%,27.8
nucleo pir,0,4,0%,2.75
panel para camara de refrigeracion,0,4,0%,9.5
paneles para camara de refrigeracion,0,4,0%,11
fábrica de paneles para cámaras frigoríficas,0,4,0%,32.75
panel frigorifico,0,4,0%,36.5
panel sándwich para techo,0,3,0%,4
panel sandwich argentina,0,3,0%,6
paneles pir argentina,0,3,0%,8.67
paneles camaras frigorificas,0,3,0%,9.67
camaras frigorificas de paneles,0,3,0%,24
paneles industriales,0,3,0%,32.67
panel sandwich,0,2,0%,3
tiendas mgi,0,2,0%,3.5
panel sandwich industrial,0,2,0%,4.5
paneles para naves industriales,0,2,0%,5
paneles sándwich,0,2,0%,5.5
panel para camaras de refrigeracion,0,2,0%,6
paneles metálicos para cerramientos,0,2,0%,7.5
panel sandwich para camaras frigorificas,0,2,0%,8.5
pirpur,0,2,0%,8.5
panel para camara de frio,0,2,0%,9.5
chapa sandwich pared,0,2,0%,10
panel para frigorífico,0,2,0%,12
paneles cerramiento exterior,0,2,0%,12
paneles para frigorificos,0,2,0%,12
paneles sándwich para techo,0,2,0%,12
placa sandwich techo,0,2,0%,12
paneles diseño industrial,0,2,0%,14
paneles tipo sandwich,0,2,0%,18
donde comprar panel sandwich,0,1,0%,1
materiales para techos exteriores,0,1,0%,1
oculto fotos,0,1,0%,1
panel de enfriamiento,0,1,0%,1
panel refrigeracion,0,1,0%,1
paneles para construccion de paredes,0,1,0%,1
paneles pir y pur,0,1,0%,1
venta paneles sandwich,0,1,0%,1
chapa térmica,0,1,0%,2
panel,0,1,0%,2
panel cerramiento exterior,0,1,0%,2
panel de techo,0,1,0%,2
panel sándwich teja opiniones,0,1,0%,2
paneles sanwich,0,1,0%,2
techo a dos aguas,0,1,0%,2
techos paneles sandwich,0,1,0%,2
paneles sandwiches,0,1,0%,3
se puede colocar membrana en techo de chapa,0,1,0%,3
techos de chapas modernos,0,1,0%,3
tiendamgi,0,1,0%,3
cerramientos para naves industriales,0,1,0%,4
paneles sandwich argentina,0,1,0%,4
se vende en argentina?,0,1,0%,4
techo para quincho,0,1,0%,4
paneles para fachadas de naves industriales,0,1,0%,6
camara frigorifica panel sandwich,0,1,0%,7
dónde las venden,0,1,0%,7
panel sandwich nave industrial,0,1,0%,7
que producto es?,0,1,0%,7
sandwich de techo,0,1,0%,7
panel sandwich poliuretano,0,1,0%,8
panel techo exterior,0,1,0%,8
se consiguen en argentina?,0,1,0%,8
dónde lo consigo,0,1,0%,10
chapa trapezoidal sandwich,0,1,0%,11
panel frigorífico precio,0,1,0%,11
paneles,0,1,0%,11
paneles de camara de frio,0,1,0%,11
paneles metalicos para techos,0,1,0%,11
paneles refrigeracion,0,1,0%,11
cerramientos industriales,0,1,0%,12
paneles de cerramiento,0,1,0%,13
paneles para camaras de refrigeracion,0,1,0%,13
placas frigorificas,0,1,0%,19
panel aislado para techo,0,1,0%,21
panel sandwich precio m2 argentina,0,1,0%,21
techos de panel sandwich,0,1,0%,21
paneles de cubierta,0,1,0%,22
paneles para techo,0,1,0%,22
placas sandwich para techos,0,1,0%,22
panel camara,0,1,0%,23
panel pir 30mm,0,1,0%,23
paneles sandwich metalicos,0,1,0%,23
panel sandwich camara frigorifica,0,1,0%,25
panel sandwich cubierta,0,1,0%,25
paneles de techo,0,1,0%,25
panel sandwich liso,0,1,0%,26
paneles cubiertas,0,1,0%,26
paneles termicos para techos,0,1,0%,28
paneles para construccion,0,1,0%,29
panel frigorífico,0,1,0%,30
panel sandwich cubiertas,0,1,0%,30
panel sandwich pur,0,1,0%,34
panel sandwich precio m2,0,1,0%,48
fabrica de paneles termicos,0,1,0%,58